split,n_conditions,mean_success_rate,mean_predicted_success_rate,mae,brier,log_loss,auc_at_50
all,23040,0.7614827473958333,0.7952589284193399,0.06336741891623061,0.007831436354162445,0.5325426977235169,0.9056471329919819
train_seen_or_nominal,13920,0.7642699353448277,0.7693380046601863,0.049715245456312396,0.004577555208746824,0.5208991041552814,0.9578667566257539
heldout,9120,0.7572286184210526,0.8348224436306795,0.08420494682873737,0.012797886523481022,0.5503144984329289,0.9227441888474045
bucket=heldout,9120,0.7572286184210526,0.8348224436306795,0.08420494682873737,0.012797886523481022,0.5503144984329289,0.9227441888474045
bucket=nominal,480,0.8462760416666666,0.846204700586519,0.03784882987838293,0.00224809040024944,0.42500157907228175,
bucket=seen,13440,0.7613411458333332,0.7665927655199601,0.05013904601266701,0.004660750380478874,0.5243240157653886,0.9563215788381352
