slice,n_rollouts,base_success_rate,adapted_success_rate,delta_success_rate,base_final_error,adapted_final_error,delta_final_error,base_path_length,adapted_path_length,mean_residual_norm,residual_scale,nominal_residual_scale,min_error_multiple
all,252,0.17063492063492064,0.23809523809523808,0.06746031746031744,0.16676186400927231,0.15068080299424533,0.016081061015026987,0.15987910577034214,0.1718191217962483,0.007965384009873367,1.0,0.0,2.0
split=heldout,72,0.0,0.0,0.0,0.18382395413775754,0.16759860291425185,0.016225351223505685,0.14244618072190698,0.1528825175453116,0.00923133663038216,1.0,0.0,2.0
split=train_seen_or_nominal,180,0.2388888888888889,0.3333333333333333,0.09444444444444441,0.15993702795787818,0.14391368302624272,0.016023344931635458,0.1668522757897162,0.179393763496623,0.007459002961669851,1.0,0.0,2.0
bucket=heldout,72,0.0,0.0,0.0,0.18382395413775754,0.16759860291425185,0.016225351223505685,0.14244618072190698,0.1528825175453116,0.00923133663038216,1.0,0.0,2.0
bucket=nominal,36,0.75,0.75,0.0,0.09784920328844185,0.09784920328844185,0.0,0.22763252076985852,0.22763252076985852,0.0,1.0,0.0,2.0
bucket=seen,144,0.1111111111111111,0.22916666666666666,0.11805555555555555,0.1754589841252373,0.15542980296069298,0.02002918116454433,0.15165721454468065,0.16733407417831414,0.009323753702087312,1.0,0.0,2.0
method=bodyshield,84,0.21428571428571427,0.32142857142857145,0.10714285714285718,0.16165930622013913,0.14693252593957093,0.014726780280568202,0.16557848877881967,0.17607388152774936,0.007794318165418189,1.0,0.0,2.0
method=domain_randomization,84,0.15476190476190477,0.25,0.09523809523809523,0.16440034172266912,0.14843676393607966,0.015963577786589467,0.16153360790175744,0.17358378725440177,0.007886151087274995,1.0,0.0,2.0
method=nominal,84,0.14285714285714285,0.14285714285714285,0.0,0.17422594408500866,0.15667311910708545,0.01755282497792321,0.1525252206304494,0.16579969660659383,0.008215682776926917,1.0,0.0,2.0
