slice,n_transitions,n_rollouts,transition_latent_mse,transition_centroid_error,transition_target_error,final_latent_mse,final_centroid_error,final_target_error
all,96768,6912,0.0018126823304777822,0.09156246663611266,0.001024814191297623,0.005008423277586462,0.1405829944969761,0.013433440762213209
split=heldout,38304,2736,0.002513641524429635,0.10328072468420882,0.002589004272751889,0.008028496521810608,0.16675520784912048,0.03393711350453863
split=train_seen_or_nominal,58464,4176,0.0013534332034058785,0.08388498722529106,0.0,0.0030297546003361605,0.12343568230074357,0.0
bucket=heldout,38304,2736,0.002513641524429635,0.10328072468420882,0.002589004272751889,0.008028496521810608,0.16675520784912048,0.03393711350453863
bucket=nominal,2016,144,0.0012278426858925496,0.07994681319285044,0.0,0.002882357751320494,0.11876241735371137,0.0
bucket=seen,56448,4032,0.0013579185790313548,0.08402563629787821,0.0,0.0030350187735152913,0.12360258462028044,0.0
method=bodyshield,32256,2304,0.0020497217917458295,0.09736187033731859,0.0010249117875921316,0.00544503035638888,0.15089869302063513,0.013446090888912953
method=domain_randomization,32256,2304,0.001988720557064288,0.09905271539207745,0.0010256083582991927,0.0060220487500705815,0.1602299536097245,0.013435508450433929
method=nominal,32256,2304,0.0013996046426232288,0.07827281417894195,0.001023922428001544,0.003558190726299925,0.11062033686056867,0.013418722947292749
