split,n_transitions,n_rollouts,transition_state_rmse,transition_xy_rmse,transition_velocity_rmse,final_xy_mae,final_error_mae,final_progress_mae
all,414720,23040,0.02572474981837213,0.01835608481067886,0.018022677482577385,0.037963559310677845,0.031795369683686715,0.030277417058630025
train_seen_or_nominal,250560,13920,0.02736595716397537,0.01952967589375178,0.019169960119560656,0.031888381232160506,0.025965064411983905,0.02451919664554151
heldout,164160,9120,0.02299501023785338,0.016403725194302013,0.01611484705446512,0.04723619953578326,0.04069425667733836,0.03906627979439671
bucket=heldout,164160,9120,0.02299501023785338,0.016403725194302013,0.01611484705446512,0.04723619953578326,0.04069425667733836,0.03906627979439671
bucket=nominal,8640,480,0.015378075379182073,0.010815964173258835,0.010931611105897758,0.009297078931866761,0.0048466945009317565,0.004577600425156895
bucket=seen,241920,13440,0.027698302894857578,0.019769975335935077,0.019399589131520144,0.032695213457171,0.026719291908807195,0.025231396510555244
