slice,n_transitions,n_rollouts,transition_frame_mse,transition_psnr_db,transition_centroid_error,final_frame_mse,final_psnr_db,final_centroid_error
all,96768,6912,0.00041387390837705764,33.83131951722075,0.06027479322216208,0.0007599716153247169,31.19202628164016,0.09671341784661079
split=heldout,38304,2736,0.0004608688944367759,33.364226028547314,0.0626516766299849,0.001055510196688207,29.76537566862216,0.09724531942316958
split=train_seen_or_nominal,58464,4176,0.0003830840899241387,34.16705884565175,0.058717524782554015,0.0005663428896038093,32.46920547656644,0.09636493060679643
bucket=heldout,38304,2736,0.0004608688944367759,33.364226028547314,0.0626516766299849,0.001055510196688207,29.76537566862216,0.09724531942316958
bucket=nominal,2016,144,0.0002981546934569124,35.25558349738015,0.04497262616709443,0.0001982216593565667,37.028488926100714,0.0749120045302824
bucket=seen,56448,4032,0.00038611728265511107,34.13280758868659,0.05920841401882044,0.0005794900763983537,32.36953996805367,0.0971311065381005
method=bodyshield,32256,2304,0.00041370587941505765,33.833083070489586,0.060417710753799515,0.0007555580872127018,31.217321415351506,0.09779555776130645
method=domain_randomization,32256,2304,0.0004148456646801874,33.82113444117444,0.06016191222636307,0.0007701169613808767,31.134433114186578,0.0962409812685232
method=nominal,32256,2304,0.00041307018103592776,33.83976155008818,0.060244756686323654,0.0007542397973805718,31.224905558248825,0.09610371451000274
